Plag/Clean,scores
clean,0.058823529411764705
plagiarized,0.21621621621621623
plagiarized,0.7385057471264368
plagiarized,0.5
plagiarized,0.6
